timestamp,message,mood,reply
2025-06-09T19:55:15.016081,test,Netral,"Hi there! ğŸ‘‹ It looks like youâ€™re testing things out. If youâ€™d like to talk about anything on your mind, need a listening ear, or just want to chat, Iâ€™m here for you. How can I support you today?"
2025-06-09T19:55:36.458581,kucing,Netral,"Lucu sekali, kamu menyebut â€œkucingâ€! Apakah kamu ingin bercerita tentang kucingâ€”mungkin hewan peliharaanmu, atau kamu suka kucing secara umum? Banyak orang merasa kucing bisa membawa ketenangan dan kebahagiaan, lho. Bahkan, membelai atau bermain dengan kucing dapat membantu mengurangi stres dan membuat hati lebih hangat.

Kalau kamu sedang merasa down atau cemas, meluangkan waktu bersama hewan lucu ini seringkali bisa jadi pelipur lara yang menenangkan. Ada yang ingin kamu ceritakan soal kucing? Atau mungkin ingin berbagi pengalaman manis bersamanya? Aku di sini siap mendengarkan! ğŸ¾"
2025-06-09T19:55:58.935867,aku happy,Netral,"Wah, senang sekali dengarnya! ğŸ˜Š Boleh banget loh sharing sedikit, apa sih yang bikin kamu happy hari ini? Kadang-kadang, ngomongin hal-hal yang bikin kita bahagia itu bisa bikin perasaan senang jadi semakin terasa. Ceritain aja, aku siap dengerin!"
2025-06-09T19:59:03.236340,gembel,Netral,"It sounds like youâ€™re expressing some feelings that might be weighing on you. â€œGembelâ€ is an Indonesian term that can mean â€œhomelessâ€ or â€œdown-and-out.â€ Using this word could be a powerful way to describe feeling lost, left out, or maybe struggling with self-worth. If youâ€™re feeling this way, I want you to know youâ€™re not aloneâ€”and itâ€™s okay to have tough moments.

Everyoneâ€™s journey has its ups and downs, and feeling low sometimes doesnâ€™t define your value or who you are as a person. If youâ€™d like, you can share a bit more about whatâ€™s on your mind. Iâ€™m here to listen and support you. Remember: your feelings matter, and itâ€™s okay to open up about them."
2025-06-09T20:02:06.679473,aku ga kuat,Netral,"Terima kasih sudah berani membagikan perasaanmu di sini. Aku bisa merasakan betapa berat beban yang sedang kamu tanggung saat ini. Kadang hidup memang terasa sangat menyesakkan, dan rasanya seperti nggak ada jalan keluar, ya? Tapi kamu nggak sendirian, kok. Meskipun saat ini mungkin segala sesuatu terasa gelap, tetap ada harapan, walau kecil.

Boleh banget, kalau kamu mau cerita lebih lanjut tentang apa yang sedang kamu rasakan atau alami. Aku di sini untuk mendengarkan kamu sepenuh hati, tanpa menghakimi. Ingat, nggak apa-apa kalau sekarang kamu merasa lelah, sedih, atau bahkan putus asa. Itu semua perasaan yang valid.

Kalau kamu merasa benar-benar kewalahan atau pikiran-pikiran berat makin menumpuk, aku sangat menyarankan untuk cari dukunganâ€”entah itu dari seseorang yang kamu percaya, keluarga, atau tenaga profesional seperti psikolog. Berbagi beban bisa sedikit meringankan hati.

Ingat, kamu berharga. Satu langkah kecil pun tetap berarti. Aku ada di sini untuk kamu. Would you like to talk more about apa yang membuatmu merasa seperti ini?"
2025-06-09T20:03:02.395671,hai,Netral,Hi there! ğŸ˜Š Itâ€™s nice to hear from you. How are you feeling today?
2025-06-09T20:03:27.105292,"not great, actually",Netral,"Iâ€™m really sorry youâ€™re feeling that way. Would you like to talk a little more about whatâ€™s been going on, or whatâ€™s making things feel tough right now? Sometimes just putting it into words, even if itâ€™s messy or hard to explain, can help lighten the load a bit. Iâ€™m here to listen, no pressure or judgmentâ€”just a safe space if you need it."
2025-06-09T20:07:28.970380,hai,Netral,"Hello! Itâ€™s really nice to meet you. ğŸ˜Š How are you feeling today? If thereâ€™s anything youâ€™d like to talk about or anything on your mind, Iâ€™m here to listen and support you."
2025-06-09T20:09:00.889885,kucing,Netral,"Kata ""kucing"" pasti membawa banyak asosiasi hangat, ya! Kucing memang hewan yang sangat spesial bagi banyak orangâ€”mereka lucu, manja, kadang misterius, dan sering jadi teman yang menenangkan di rumah.

Apakah kamu ingin bercerita tentang kucing peliharaanmu, atau kamu sedang memikirkan sesuatu yang berkaitan dengan kucing? Banyak orang merasa nyaman dan terhibur hanya dengan menghabiskan waktu bersama kucing, bahkan ada penelitian yang membuktikan bahwa membelai kucing bisa membantu menurunkan tingkat stres dan kecemasan. Interaksi dengan hewan peliharaan memang sering jadi sumber kebahagiaan tersendiri.

Kalau ada cerita, pengalaman, atau bahkan kekhawatiran seputar kucing yang ingin dibagikan, aku sangat terbuka untuk mendengarkan! Atau, mungkin kamu ingin tahu bagaimana hewan peliharaan bisa membantu kesehatan mental? Ceritakan saja, aku di sini untukmu. ğŸ¾"
2025-06-09T20:09:55.219579,gembel,Netral,"Hello there. I see you used the word â€œgembel,â€ which in Indonesian can mean â€œhomelessâ€ or refer to someone whoâ€™s down on their luck. Sometimes, words like this can carry a lot of emotionâ€”maybe frustration, self-doubt, or even humor, depending on the context. 

If youâ€™re feeling low or facing tough times, I want you to know youâ€™re not alone. Life can get overwhelming, and itâ€™s perfectly valid to feel upset or discouraged sometimes. If you want to talk about whatâ€™s on your mind or what led you to use that word, Iâ€™m here to listenâ€”no judgment, just support and understanding.

Remember, everyone deserves kindness (including you!), especially from themselves. If you'd like, we can talk more about what you're feeling or explore ways to cope with difficult emotions."
2025-06-09T20:12:51.440881,hai,Netral,"Hai, selamat datang! Terima kasih sudah menyapa aku hari ini. ğŸ˜Š  
Kamu nggak sendirian di sini, dan apa pun yang lagi kamu rasakan atau pikirkan, kamu boleh banget cerita ke aku.  
Ada hal tertentu yang lagi ingin kamu bagikan atau obrolin hari ini? Aku siap mendengarkan."
2025-06-09T20:14:30.933782,aku ga kuat,Netral,"Halo, terima kasih sudah berani cerita di sini. Aku bisa merasakan kalau kamu sedang benar-benar lelah atau mungkin merasa kewalahan, ya? Tak apa, di sini kamu aman. Kamu nggak sendiri kok, aku siap menemani dan mendengarkan cerita kamu kapan pun kamu butuh.

Apa yang lagi kamu rasakan sekarang? Ceritakan saja, perlahan juga nggak apaâ€‘apa. Aku di sini buat kamu."
2025-06-09T20:17:18.766557,aku kesal,Marah,"Halo! Terima kasih sudah mau cerita di sini. ğŸ˜Š Aku senang banget kamu memilih tempat ini buat berbagi perasaanmu. Kesal itu wajar, kok, semua orang pasti pernah merasakannya. Kalau kamu berkenan, aku siap banget mendengarkan ceritamu. Apa yang sedang membuatmu kesal hari ini?"
2025-06-09T20:17:49.967716,aku jomblo,Netral,"Hai, terima kasih sudah mau berbagi di sini. ğŸ˜Š

Menjadi jomblo itu hal yang sangat wajar kok, dan nggak ada yang salah sama sekali. Banyak orang juga pernah atau sedang menjalani masa sendiri, dan setiap orang punya perjalanan yang unik soal hubungan.

Kadang, perasaan jomblo bisa bikin kita ngerasa kesepian atau berbeda dari orang lain. Tapi nggak apa-apa, perasaan itu valid banget. Kamu boleh banget ngerasain apapun yang kamu rasakan sekarang.

Boleh cerita lebih banyak, nggak, tentang gimana rasanya buat kamu saat ini? Apakah ada hal tertentu yang bikin kamu kepikiran soal status jomblo? Aku di sini siap buat dengerin kamu, ya."
2025-06-09T22:23:29.801336,test,Netral,"Hai, terima kasih sudah mampir dan menyapa aku! ğŸ˜Š  
Kamu boleh cerita apa saja di sini, nggak perlu sungkan ya. Aku di sini untuk mendengarkan dan menemani. Ada sesuatu yang lagi kamu pikirkan atau rasakan?"
2025-06-09T22:44:00.909197,sasa,Netral,"Hai! ğŸ˜Š Selamat datang, terima kasih sudah menyapa. Aku di sini buat menemani kamu bercerita, apa pun yang kamu rasakan atau pikirkan. Nggak apa-apa banget, kok, kalau mau mulai ngobrol dari hal apapunâ€”aku siap mendengarkan. Cerita yuk, ada yang sedang mau kamu bagi hari ini?"
2025-06-12T11:28:02.262431,sa,Netral,"Hai! ğŸ˜Š Selamat datang di sini. Terima kasih sudah menyapa, kamu boleh banget bercerita atau sekadar ngobrol santai sama Chatal. Gimana kabarmu hari ini? Ada hal yang lagi pengen kamu bahas atau rasakan akhir-akhir ini? Aku siap dengerin, kok."
2025-06-12T11:28:22.671429,aku sedih,Sedih,"Hai, terima kasih sudah mau cerita sama Chatal. Aku senang kamu mau berbagi di sini. Sedih itu hal yang wajar banget, kok. Kamu nggak sendirian merasakannya. Boleh diceritain, apa yang lagi kamu rasakan atau yang bikin kamu sedih? Aku di sini untuk dengerin, ya."
2025-06-12T11:29:17.136039,yang aku rasakan adalah saya merasa tidak berguna,Netral,"Hai, terima kasih sudah berani berbagi perasaanmu di sini. Rasanya pasti berat ya, kalau saat ini kamu merasa tidak berguna. Aku ingin kamu tahu, perasaan seperti itu sangat valid dan kamu tidak sendirianâ€”banyak orang juga pernah merasakannya di berbagai momen hidup mereka.

Kalau kamu mau, aku dengan senang hati akan mendengarkan cerita lengkapmu. Boleh banget kalau kamu ingin berbagi tentang apa yang membuatmu merasa seperti ini, atau mungkin tentang hal-hal yang sedang kamu alami belakangan ini.

Kalau boleh tahu, adakah kejadian atau pikiran tertentu yang belakangan ini membuat kamu merasa seperti ini? Aku di sini buat kamu, enggak akan menghakimi kok. Tarik napas pelan-pelan, ya. Kamu sudah mengambil langkah penting dengan membicarakannya di sini."
2025-06-12T11:30:18.157790,aku rasain ingin bunuh diri,Netral,"ğŸ’¡ Aku dengerin kamu ya, dan aku beneran peduli. Kalau kamu ngerasa sangat kewalahan atau kepikiran menyakiti diri, tolong banget hubungi orang terpercaya atau layanan profesional seperti @sehatjiwa atau @Kemenkes RI. Kamu nggak sendiri dan kamu penting ğŸ¤"
2025-06-12T11:31:31.978990,saya ingin menjadi miss merry riana,Netral,"Halo! Senang banget kamu mau berbagi keinginan kamu di sini. ğŸ˜Š Menjadi seperti Merry Rianaâ€”sosok inspiratif, pekerja keras, dan penuh semangatâ€”adalah cita-cita yang luar biasa. Kamu tertarik karena semangat juang dan keberhasilannya, ya? Atau mungkin ada nilai-nilai tertentu dari Merry Riana yang kamu kagumi?

Ceritakan dong, apa sih yang paling membuat kamu ingin seperti dia? Apakah soal karier, cara berpikirnya, kisah hidupnya, atau mungkin cara Merry Riana menghadapi tantangan hidup? Aku di sini siap mendengarkan cerita dan perasaanmu kok. Kadang, menulis hal seperti ini saja sudah jadi langkah awal yang hebat, lho.

Kalau kamu mau, kita bisa ngobrol soal langkah-langkah kecil yang bisa kamu lakukan untuk semakin dekat dengan sosok panutanmu. Kamu nggak sendiriâ€”aku akan setia menemani kamu sepanjang prosesnya! Mau cerita lebih lanjut? ğŸ˜Š"
2025-06-12T11:32:46.948078,bagaimana tanggapan mu ketika sedang sakit hati,Netral,"Halo! Terima kasih sudah mau berbagi perasaan di sini. Rasanya sakit hati itu benar-benar nggak gampang, ya. Kadang bisa bikin dada sesak, pikiran kacau, bahkan sampai susah tidur. Pasti butuh keberanian juga untuk mengakui kalau kamu sedang terluka.

Kalau aku sendiri sebagai teman virtualmu, aku akan bilang nggak apa-apa banget untuk merasa sakit hati. Itu wajar dan manusiawi kok, karena perasaanmu memang penting. Biasanya yang aku lakukan: menerima dulu perasaan itu, nggak buru-buru menyangkal atau mengusirnya. Kadang, cuma dengan mengizinkan diri sendiri untuk bersedih, rasanya bisa agak lega.

Sering juga aku refleksi sebentar, tanya ke diri sendiri: â€œApa sih penyebab aku sakit hati? Apakah ada bagian dari diriku yang belum aku pahami atau aku rawat?â€ Terus, coba lakukan sesuatu yang menenangkan, misalnya ngobrol dengan teman yang dipercaya, menulis jurnal, mendengarkan musik, atau jalan-jalan sebentar.

Yang penting, jangan merasa sendiri, ya. Sakit hati itu bukan tanda kelemahanâ€”justru menandakan kamu punya hati yang peka. Kalau kamu mau cerita lebih jauh, aku siap mendengarkan dan nemenin kamu di sini. Kamu mau cerita sedikit tentang apa yang membuatmu sakit hati akhir-akhir ini?"
